YEAR,LATITUDE,LONGITUDE,GENERAL_CAUSE,START_DATE,FUEL_TYPE
2024,55.199417,-112.400533,Agriculture Industry,2024-04-23 15:36:00,O1a
2024,56.766883,-111.72425,Recreation,2024-05-10 19:00:00,S1
2024,51.96134,-115.340712,Recreation,2024-05-20 15:33:00,C1
2024,58.712345,-111.188683,Government,2024-05-23 16:00:00,M2
2024,55.645667,-116.067867,Undetermined,2024-05-24 11:10:00,O1a
2024,58.7917,-111.0697,Incendiary,2024-05-25 16:10:00,C3
2024,50.066333,-114.154883,Recreation,2023-12-28 12:00:00,C2
2024,51.167705,-114.814873,Railroad,2024-01-29 16:45:00,O1a
2024,55.94523,-113.777329,Resident,2024-02-22 12:00:00,O1a
2024,58.57025,-117.762533,Forest Industry,2024-01-15 12:00:00,C2
2024,55.959767,-110.70445,Incendiary,2024-03-23 17:30:00,O1a
2024,55.59775,-116.609897,Resident,2024-03-24 13:00:00,O1a
2024,54.017318,-115.344552,Resident,2024-03-31 12:00:00,O1a
2024,53.64955,-116.0038,Incendiary,2024-04-05 09:00:00,S1
2024,54.651283,-111.887167,Resident,2024-04-14 21:15:00,O1a
2024,51.638417,-115.079833,Incendiary,2024-04-13 12:00:00,M1
2024,51.638567,-115.079767,Incendiary,2024-04-14 21:05:00,M1
2024,55.262783,-113.219283,Undetermined,2024-04-14 19:30:00,M1
2024,51.649833,-115.024733,Incendiary,2024-04-14 12:00:00,M1
2024,54.100283,-118.622883,Forest Industry,2023-11-29 12:00:00,S1
2024,55.055967,-118.6441,Incendiary,2024-04-07 19:45:00,O1b
2024,56.660633,-111.186267,Recreation,2024-04-07 14:30:00,O1a
2024,55.919983,-110.748567,Incendiary,2024-03-25 21:00:00,O1a
2024,55.972583,-110.696967,Incendiary,2024-03-26 12:00:00,O1b
2024,55.29425,-114.84225,Incendiary,2024-03-14 00:00:00,O1b
2024,55.928017,-110.721367,Incendiary,2024-03-26 13:00:00,S1
2024,55.915283,-110.73645,Incendiary,2024-04-01 02:50:00,O1b
2024,55.934517,-110.72,Resident,2024-04-23 10:45:00,O1a
2024,56.127533,-117.07345,Recreation,2024-01-15 12:00:00,C2
2024,57.944833,-117.4688,Resident,2024-03-29 12:00:00,O1a
2024,56.476,-117.274317,Agriculture Industry,2024-02-15 11:00:00,S2
2024,56.46565,-118.894783,Agriculture Industry,2024-02-18 15:00:00,S2
2024,56.272167,-117.3298,Resident,2024-04-10 14:15:00,D1
2024,57.508633,-112.5242,Resident,2024-04-16 15:00:00,C2
2024,51.638533,-115.079717,Incendiary,2024-04-14 12:00:00,M1
2024,58.459083,-114.55005,Recreation,2024-04-20 12:00:00,O1a
2024,52.381417,-115.746167,Forest Industry,2024-01-30 13:01:00,S1
2024,58.497272,-115.138068,Incendiary,2024-04-22 13:30:00,O1b
2024,58.711112,-118.727261,Incendiary,2024-04-22 14:00:00,O1a
2024,58.716221,-118.741587,Resident,2024-04-22 14:00:00,O1a
2024,58.720717,-118.746533,Resident,2024-04-22 14:30:00,O1a
2024,55.069343,-117.847353,Resident,2024-04-14 14:30:00,O1a
2024,55.02755,-118.593367,Incendiary,2024-04-14 15:20:00,M1
2024,54.818482,-114.570158,Undetermined,2024-04-13 17:50:00,M1
2024,56.26155,-117.355717,Undetermined,2024-04-27 20:00:00,O1a
2024,53.110302,-115.271633,Power Line Industry,2024-03-30 15:08:00,C2
2024,57.304802,-116.6731,Forest Industry,2023-11-15 13:30:00,M1
2024,55.933583,-110.72115,Incendiary,2024-04-21 09:00:00,D1
2024,56.642333,-111.037883,Resident,2024-04-21 13:00:00,C2
2024,55.94905,-110.707833,Incendiary,2024-04-21 14:53:00,S1
2024,55.591735,-116.657812,Incendiary,2024-04-22 11:25:00,D1
2024,53.684767,-115.32815,Agriculture Industry,2024-04-22 16:25:00,O1a
2024,56.804667,-111.44145,Recreation,2024-04-24 05:00:00,M1
2024,54.65555,-111.9216,Recreation,2023-12-20 12:00:00,M1
2024,54.4918,-119.157417,Forest Industry,2024-02-19 16:45:00,C2
2024,55.0595,-117.5181,Undetermined,2024-03-17 18:00:00,O1a
2024,53.347352,-117.81784,Forest Industry,2024-02-06 08:00:00,C3
2024,57.70005,-117.178253,Agriculture Industry,2023-12-05 12:00:00,S2
2024,56.67575,-118.074817,Recreation,2024-04-13 17:10:00,D1
2024,55.699322,-116.78611,Recreation,2024-03-01 12:00:00,M1
2024,55.966267,-113.391883,Power Line Industry,2024-05-11 11:15:00,O1b
2024,55.956348,-115.58765,Resident,2024-01-15 13:00:00,M2
2024,55.795367,-115.210833,Power Line Industry,2024-05-13 17:00:00,O1b
2024,52.431187,-114.915603,Resident,2024-05-13 19:55:00,C2
2024,55.27575,-115.3614,Resident,2024-01-15 10:00:00,O1a
2024,56.827367,-111.43535,Under Investigation,2024-05-15 12:05:00,O1a
2024,57.4876,-113.4992,Lightning,2024-04-18 00:00:00,C2
2024,56.57555,-115.216533,Recreation,2024-01-02 17:30:00,M1
2024,55.227898,-117.229652,Power Line Industry,2024-04-15 18:00:00,O1a
2024,56.868165,-116.7044,Lightning,2024-07-11 10:00:00,C2
2024,55.740917,-119.65795,Lightning,2024-07-13 14:08:00,M2
2024,55.5582,-114.19145,Lightning,2024-07-13 06:05:00,C2
2024,56.6365,-115.129,Resident,2024-03-01 01:00:00,M1
2024,52.466667,-115.005667,Oil & Gas Industry,2024-05-09 20:30:00,O1a
2024,53.136083,-115.199217,Power Line Industry,2024-05-17 19:58:00,O1a
2024,56.608117,-114.33925,Lightning,2024-06-23 14:30:00,C2
2024,55.809133,-119.674633,Oil & Gas Industry,2024-07-05 11:20:00,M2
2024,55.93975,-110.7155,Incendiary,2024-07-08 11:32:00,O1b
2024,56.177883,-113.81615,Resident,2024-01-31 12:00:00,O1a
2024,53.690717,-116.773083,Incendiary,2024-04-03 19:30:00,O1a
2024,54.491073,-114.836785,Incendiary,2024-04-20 12:00:00,O1a
2024,55.92711,-110.72241,Incendiary,2024-04-26 10:13:00,O1a
2024,55.351617,-115.205367,Power Line Industry,2024-05-30 16:37:00,O1b
2024,55.086717,-117.672867,Lightning,2024-06-29 08:00:00,O1b
2024,57.521867,-117.595283,Lightning,2024-07-12 14:45:00,C2
2024,57.319167,-117.798383,Lightning,2024-07-11 23:00:00,C2
2024,54.79995,-115.408617,Power Line Industry,2024-02-23 08:50:00,M1
2024,55.262483,-114.752717,Resident,2024-03-31 11:50:00,O1b
2024,53.58311,-115.03843,Resident,2024-04-26 14:00:00,O1a
2024,53.463807,-117.443383,Railroad,2024-06-07 11:45:00,O1a
2024,55.14825,-112.4718,Resident,2024-06-20 14:55:00,O1a
2024,52.909533,-115.798133,Forest Industry,2024-07-06 12:00:00,S1
2024,57.103327,-115.268398,Lightning,2024-07-10 15:16:00,C2
2024,57.21635,-115.220383,Lightning,2024-07-10 15:54:00,C2
2024,56.9263,-116.71205,Lightning,2024-07-13 18:25:00,C2
2024,54.102467,-115.78265,Undetermined,2024-04-17 11:37:00,M1
2024,56.4305,-111.042,Resident,2024-05-11 14:45:00,O1a
2024,58.79335,-111.0685,Recreation,2024-05-12 07:00:00,C3
2024,59.626967,-117.449217,Lightning,2024-06-30 19:06:00,C2
2024,56.117083,-110.9935,Lightning,2024-07-02 13:30:00,C2
2024,56.07425,-110.3874,Lightning,2024-07-02 14:00:00,C2
2024,55.8963,-115.615733,Lightning,2024-07-10 13:57:00,M2
2024,57.525183,-117.651467,Lightning,2024-07-12 16:45:00,C2
2024,52.495383,-115.510883,Oil & Gas Industry,2024-03-11 12:13:00,S1
2024,58.382333,-115.915333,Agriculture Industry,2024-04-17 07:00:00,M2
2024,51.276217,-114.773533,Lightning,2024-06-11 16:00:00,O1b
2024,54.360883,-116.700967,Power Line Industry,2024-06-23 13:49:00,O1b
2024,55.934643,-113.733955,Undetermined,2024-05-25 21:45:00,O1a
2024,56.551033,-118.745683,Power Line Industry,2024-06-05 14:00:00,O1b
2024,56.2105,-111.547,Lightning,2024-07-02 17:57:00,C2
2024,56.30035,-112.072883,Lightning,2024-07-11 08:59:00,C2
2024,54.434913,-117.229088,Lightning,2024-07-13 12:28:00,C2
2024,55.209667,-116.651167,Agriculture Industry,2023-11-15 09:00:00,O1a
2024,55.23261,-115.307998,Resident,2023-11-17 09:00:00,O1a
2024,58.712,-113.8742,Incendiary,2024-04-19 14:00:00,O1a
2024,57.598395,-117.197832,Agriculture Industry,2024-02-01 12:00:00,O1b
2024,55.601784,-116.613894,Resident,2024-04-08 19:00:00,O1a
2024,55.933917,-110.72055,Incendiary,2024-04-09 20:15:00,O1b
2024,53.322533,-117.661333,Recreation,2024-02-18 08:00:00,C2
2024,54.459758,-114.636192,Agriculture Industry,2024-04-22 17:00:00,S2
2024,55.583817,-114.18565,Lightning,2024-07-10 12:04:00,C2
2024,55.890183,-115.748733,Lightning,2024-07-10 13:20:00,C2
2024,53.76305,-115.396,Lightning,2024-06-30 18:52:00,M2
2024,57.089567,-113.988133,Lightning,2024-07-10 23:38:00,C2
2024,58.9314,-110.620483,Lightning,2024-07-14 02:35:00,C1
2024,54.334152,-114.800552,Undetermined,2024-04-25 17:00:00,M1
2024,54.230618,-115.289772,Incendiary,2024-04-15 16:00:00,O1a
2024,53.139117,-115.370333,Power Line Industry,2024-05-12 16:50:00,M1
2024,55.273833,-113.236633,Resident,2024-04-22 12:35:00,O1b
2024,56.613562,-117.330597,Agriculture Industry,2024-04-26 07:00:00,O1a
2024,53.4326,-117.571917,Power Line Industry,2024-05-09 08:50:00,C2
2024,55.262217,-113.2202,Resident,2024-05-09 17:50:00,O1a
2024,58.314,-116.28895,Undetermined,2024-05-10 15:00:00,C2
2024,56.316217,-119.142917,Recreation,2024-05-19 20:00:00,M2
2024,58.076623,-116.71795,Recreation,2024-04-19 15:30:00,D1
2024,53.507383,-117.3103,Other Industry,2024-04-26 00:50:00,C2
2024,53.811257,-117.01634,Lightning,2024-07-18 17:50:00,C2
2024,52.713017,-115.999983,Lightning,2024-07-18 19:15:00,C2
2024,52.719833,-116.119983,Lightning,2024-07-19 15:15:00,C2
2024,53.183133,-117.735033,Lightning,2024-07-19 15:48:00,C2
2024,53.260017,-116.598883,Lightning,2024-07-15 20:11:00,C2
2024,58.122167,-115.695667,Undetermined,2024-06-28 11:30:00,M2
2024,53.260633,-116.6002,Lightning,2024-07-15 20:11:00,C2
2024,57.253817,-114.927017,Power Line Industry,2024-05-19 17:00:00,O1b
2024,57.010752,-118.34991,Lightning,2024-05-26 15:00:00,C2
2024,53.5343,-116.069083,Incendiary,2024-05-29 03:00:00,O1a
2024,53.680167,-116.924033,Power Line Industry,2024-05-30 16:30:00,O1a
2024,55.917533,-110.733367,Incendiary,2024-04-24 18:45:00,D1
2024,56.212083,-110.875733,Undetermined,2024-04-24 13:15:00,O1a
2024,55.918033,-110.737767,Resident,2024-04-24 18:00:00,O1a
2024,55.032167,-117.507833,Under Investigation,2024-04-28 10:00:00,M1
2024,53.047033,-115.031883,Power Line Industry,2024-05-31 12:50:00,O1a
2024,53.66875,-115.988083,Undetermined,2024-06-05 16:50:00,O1a
2024,54.795928,-115.515512,Oil & Gas Industry,2024-06-07 14:35:00,C2
2024,51.073815,-115.336913,Recreation,2024-06-12 19:00:00,O1b
2024,53.035617,-116.663383,Lightning,2024-06-14 19:20:00,C2
2024,55.927,-110.723917,Incendiary,2024-04-11 15:12:00,O1b
2024,58.540617,-115.1653,Incendiary,2024-04-10 14:45:00,O1a
2024,58.514033,-115.148867,Resident,2024-04-17 14:30:00,O1a
2024,52.202717,-114.859533,Power Line Industry,2024-06-05 21:50:00,O1b
2024,54.705933,-111.96685,Resident,2024-06-19 18:20:00,O1b
2024,55.390833,-115.458967,Agriculture Industry,2024-06-20 13:38:00,O1b
2024,52.824033,-115.120083,Lightning,2024-06-22 15:04:00,C3
2024,54.3985,-117.597167,Lightning,2024-06-20 20:05:00,C2
2024,54.958267,-115.075267,Lightning,2024-06-23 11:59:00,C2
2024,58.875167,-118.4255,Lightning,2024-06-23 19:05:00,M2
2024,59.003583,-119.1099,Lightning,2024-06-27 16:15:00,M2
2024,58.65665,-115.862117,Lightning,2024-06-24 16:00:00,M2
2024,55.902333,-110.749867,Incendiary,2024-04-11 16:25:00,O1b
2024,55.942667,-110.713467,Incendiary,2024-04-23 13:30:00,O1a
2024,58.705533,-118.687633,Resident,2024-04-25 05:00:00,O1a
2024,53.918967,-118.713535,Recreation,2024-06-20 17:30:00,C2
2024,53.56604,-116.592545,Power Line Industry,2024-05-30 17:00:00,O1a
2024,56.067375,-110.373883,Lightning,2024-07-02 12:00:00,C2
2024,58.632,-117.264667,Lightning,2024-07-01 00:48:00,C2
2024,55.923833,-110.726717,Incendiary,2024-04-08 13:30:00,O1b
2024,54.672467,-111.86495,Resident,2024-02-08 08:00:00,M1
2024,54.697383,-111.781433,Recreation,2024-02-11 17:00:00,M1
2024,52.846833,-115.502,Incendiary,2024-04-24 16:10:00,O1a
2024,56.199333,-110.792,Undetermined,2024-06-30 14:15:00,O1b
2024,58.86795,-116.5729,Lightning,2024-06-23 16:06:00,C2
2024,57.15085,-114.8087,Lightning,2024-07-10 17:58:00,M2
2024,55.461717,-119.858533,Resident,2024-04-01 14:00:00,D1
2024,53.6092,-115.107467,Resident,2024-03-24 08:00:00,S1
2024,55.6288,-119.14875,Forest Industry,2024-03-31 15:00:00,S1
2024,53.167305,-115.396186,Oil & Gas Industry,2024-04-16 12:53:00,O1a
2024,55.931983,-110.726067,Incendiary,2024-04-20 20:00:00,O1a
2024,53.573916,-116.047924,Undetermined,2024-04-20 13:30:00,O1a
2024,56.749983,-113.3735,Lightning,2024-05-26 14:41:00,C2
2024,58.78455,-110.709117,Lightning,2024-07-08 15:00:00,C2
2024,56.360333,-111.163383,Lightning,2024-07-10 02:30:00,C2
2024,55.929417,-110.72415,Incendiary,2024-04-20 14:30:00,D1
2024,55.91595,-110.734783,Resident,2024-04-20 15:09:00,D1
2024,55.633417,-111.077,Resident,2024-04-20 15:00:00,O1a
2024,55.920288,-110.444588,Resident,2024-04-20 17:00:00,D1
2024,55.949483,-110.705167,Resident,2024-04-20 18:00:00,M1
2024,57.75235,-117.329383,Lightning,2024-07-13 19:00:00,M2
2024,53.044233,-115.603783,Forest Industry,2024-07-19 14:30:00,O1b
2024,53.1103,-116.546217,Lightning,2024-07-15 20:37:00,C2
2024,54.544167,-118.079167,Lightning,2024-07-19 15:47:00,C2
2024,58.473533,-117.150117,Resident,2024-04-20 00:50:00,O1a
2024,55.980398,-114.312275,Lightning,2024-05-26 16:02:00,O1a
2024,56.219033,-112.583,Lightning,2024-07-01 13:30:00,C2
2024,59.7079,-117.1443,Lightning,2024-07-01 21:52:00,C2
2024,59.781383,-117.104483,Lightning,2024-07-02 10:00:00,C2
2024,57.329833,-111.995,Lightning,2024-07-02 13:25:00,C2
2024,57.567517,-111.822167,Lightning,2024-07-02 13:23:00,S1
2024,57.83995,-112.611283,Lightning,2024-07-02 15:01:00,C2
2024,57.844383,-112.644417,Lightning,2024-07-01 04:15:00,C2
2024,55.761933,-119.5312,Power Line Industry,2024-07-05 11:20:00,M2
2024,56.318333,-112.095,Lightning,2024-07-10 17:16:00,C2
2024,56.301,-112.124667,Lightning,2024-07-10 17:09:00,C2
2024,56.347833,-112.038667,Lightning,2024-07-10 17:26:00,C2
2024,56.373667,-112.009833,Lightning,2024-07-10 17:31:00,C2
2024,56.2655,-112.0415,Lightning,2024-07-10 17:21:00,C2
2024,56.336667,-111.961167,Lightning,2024-07-10 17:42:00,C2
2024,56.8072,-111.44205,Incendiary,2024-05-15 12:05:00,S1
2024,58.562617,-117.743867,Lightning,2024-07-02 16:00:00,C1
2024,53.315283,-117.184533,Lightning,2024-07-15 19:18:00,C2
2024,54.807633,-119.071133,Power Line Industry,2024-05-12 15:00:00,M1
2024,59.677533,-118.579667,Lightning,2024-07-01 19:00:00,M2
2024,56.662673,-113.630572,Lightning,2024-07-05 16:11:00,C2
2024,56.517717,-113.04725,Lightning,2024-07-05 16:49:00,C2
2024,56.3388,-113.385683,Lightning,2024-07-05 19:26:00,C2
2024,56.553883,-113.344833,Lightning,2024-07-05 16:17:00,C2
2024,55.348167,-118.194117,Agriculture Industry,2024-07-07 18:00:00,O1a
2024,54.557633,-117.378117,Lightning,2024-07-09 16:00:00,O1a
2024,55.385002,-118.205738,Agriculture Industry,2024-07-09 16:30:00,O1a
2024,58.771133,-111.063167,Lightning,2024-06-23 18:02:00,C1
2024,53.470083,-117.794967,Undetermined,2024-07-16 22:00:00,C2
2024,53.8879,-117.118233,Lightning,2024-07-15 19:00:00,C2
2024,54.872117,-116.745533,Lightning,2024-07-20 16:30:00,M2
2024,54.456917,-118.641133,Lightning,2024-07-19 15:40:00,O1b
2024,58.710883,-118.68745,Recreation,2024-05-09 14:15:00,O1b
2024,58.71,-118.69395,Resident,2024-05-28 11:59:00,O1b
2024,57.406467,-110.810767,Lightning,2024-07-02 18:21:00,C2
2024,57.4475,-111.098467,Lightning,2024-07-02 18:00:00,M2
2024,57.367848,-110.976882,Lightning,2024-07-02 18:04:00,C1
2024,57.304517,-110.754583,Lightning,2024-07-02 19:40:00,C2
2024,55.498383,-114.6491,Lightning,2024-07-10 11:25:00,C2
2024,55.488567,-114.632767,Lightning,2024-07-10 11:26:00,C2
2024,55.8327,-115.825417,Lightning,2024-07-10 13:10:00,C2
2024,55.575468,-119.030777,Recreation,2024-07-09 20:00:00,O1b
2024,55.204567,-113.746167,Agriculture Industry,2024-01-01 09:00:00,S1
2024,53.8943,-117.335883,Oil & Gas Industry,2024-05-08 19:30:00,O1a
2024,52.012833,-115.128833,Lightning,2024-06-21 13:40:00,C3
2024,52.167617,-115.19625,Lightning,2024-06-22 17:25:00,C3
2024,57.678967,-114.095367,Lightning,2024-04-24 15:45:00,C2
2024,53.800917,-116.058617,Agriculture Industry,2024-02-28 15:00:00,O1a
2024,54.53582,-114.350052,Recreation,2024-04-27 15:00:00,M1
2024,51.916117,-115.0709,Lightning,2024-06-21 13:50:00,C3
2024,52.099633,-114.998883,Lightning,2024-06-21 16:03:00,M2
2024,52.375133,-115.542367,Lightning,2024-06-21 19:50:00,M2
2024,52.35545,-115.492083,Lightning,2024-06-21 18:04:00,C4
2024,56.143583,-116.848083,Agriculture Industry,2024-01-01 12:00:00,S2
2024,56.112717,-116.882283,Agriculture Industry,2024-02-21 10:00:00,S2
2024,54.109493,-116.537238,Forest Industry,2024-01-19 12:00:00,S1
2024,53.944033,-116.665,Power Line Industry,2024-06-24 08:40:00,O1a
2024,58.1879,-116.428717,Government,2024-06-28 15:30:00,O1a
2024,56.1122,-115.6714,Lightning,2024-07-10 13:36:00,M2
2024,55.927783,-110.723717,Incendiary,2024-04-25 20:30:00,O1a
2024,55.904917,-110.746067,Incendiary,2024-04-25 23:00:00,O1a
2024,56.095917,-110.429733,Lightning,2024-07-03 13:30:00,C1
2024,57.4354,-115.051567,Lightning,2024-07-11 11:30:00,C2
2024,56.6479,-119.622783,Lightning,2024-07-13 18:00:00,M2
2024,55.835317,-111.175167,Lightning,2024-07-16 15:45:00,M2
2024,56.016667,-110.95,Lightning,2024-07-16 15:35:00,M2
2024,55.198133,-111.2265,Lightning,2024-07-16 15:41:00,M2
2024,55.052317,-110.7853,Lightning,2024-07-16 17:30:00,C2
2024,54.713233,-114.972267,Lightning,2024-07-10 13:08:00,M2
2024,55.2507,-115.33495,Resident,2024-03-16 18:45:00,O1a
2024,54.187515,-116.061532,Undetermined,2024-04-25 15:00:00,M1
2024,55.236117,-115.68485,Lightning,2024-07-10 09:42:00,M1
2024,55.53584,-114.566667,Lightning,2024-07-10 11:32:00,C2
2024,57.194533,-118.291852,Lightning,2020-07-10 15:00:00,C2
2024,55.132148,-115.788703,Lightning,2024-07-10 09:02:00,C2
2024,57.205917,-118.331967,Lightning,2024-07-10 16:00:00,C2
2024,53.738033,-116.13625,Power Line Industry,2024-07-10 16:00:00,M2
2024,55.789,-111.51605,Lightning,2024-07-10 18:04:00,C2
2024,55.370533,-116.81475,Resident,2024-07-10 19:00:00,O1a
2024,54.230785,-115.289573,Government,2024-04-15 21:15:00,C2
2024,54.96145,-115.066033,Lightning,2024-06-22 12:09:00,C2
2024,54.059067,-117.480867,Lightning,2024-07-19 16:49:00,C3
2024,52.395667,-115.02555,Recreation,2024-07-16 13:00:00,C3
2024,55.867667,-110.920683,Lightning,2024-07-16 15:55:00,C2
2024,53.260783,-116.6007,Lightning,2024-07-15 20:37:00,C2
2024,51.062667,-115.1533,Resident,2024-02-22 09:00:00,S1
2024,54.29456,-115.194512,Undetermined,2024-05-16 15:00:00,O1b
2024,55.620033,-112.391867,Lightning,2024-07-10 17:00:00,C2
2024,57.14915,-110.083083,Lightning,2024-07-10 00:30:00,C2
2024,56.707233,-118.9744,Lightning,2024-07-16 18:00:00,C2
2024,54.454367,-115.2015,Forest Industry,2024-01-19 12:00:00,S2
2024,55.297619,-115.310757,Undetermined,2024-04-14 13:40:00,O1a
2024,55.922833,-110.731483,Incendiary,2024-04-22 21:00:00,O1a
2024,52.60555,-114.796533,Incendiary,2024-04-23 15:28:00,D1
2024,57.1061,-117.540017,Agriculture Industry,2024-04-24 11:30:00,O1a
2024,51.62225,-115.109,Power Line Industry,2024-06-14 10:00:00,C2
2024,56.351167,-111.346,Lightning,2024-07-09 15:30:00,C2
2024,57.346167,-115.162167,Lightning,2024-07-10 15:58:00,M2
2024,57.194267,-114.646183,Lightning,2024-07-10 10:34:00,C2
2024,53.375702,-116.853423,Incendiary,2024-04-10 08:00:00,O1a
2024,58.384667,-115.999033,Resident,2024-04-21 13:00:00,O1a
2024,55.36715,-115.067917,Under Investigation,2024-04-21 15:10:00,O1a
2024,55.402184,-116.217288,Resident,2024-04-21 16:20:00,M1
2024,55.916333,-110.740133,Incendiary,2024-04-22 12:00:00,D1
2024,55.228067,-113.87785,Undetermined,2024-06-21 18:07:00,O1a
2024,54.891567,-110.6446,Lightning,2024-07-11 16:45:00,C2
2024,55.895374,-115.642076,Resident,2024-04-08 10:00:00,O1a
2024,56.517277,-115.381725,Resident,2024-04-24 17:05:00,O1a
2024,55.410967,-116.225733,Undetermined,2024-04-19 12:00:00,O1b
2024,55.358317,-115.884333,Undetermined,2024-04-20 12:45:00,O1a
2024,53.573667,-116.357,Power Line Industry,2024-04-21 15:00:00,M1
2024,58.35705,-116.0418,Undetermined,2024-06-29 17:00:00,O1b
2024,57.918567,-117.5027,Lightning,2024-07-13 19:00:00,M2
2024,58.646783,-116.207267,Lightning,2024-07-16 15:00:00,M2
2024,55.8157,-112.176583,Power Line Industry,2024-05-27 08:00:00,O1b
2024,55.920018,-110.696597,Resident,2024-05-27 07:00:00,S2
2024,58.517633,-115.1228,Resident,2024-05-05 06:30:00,O1b
2024,52.864333,-115.803783,Government,2024-06-20 05:00:00,S1
2024,56.44775,-117.23955,Resident,2024-04-06 12:00:00,C2
2024,57.561817,-115.508783,Forest Industry,2024-04-20 12:00:00,C2
2024,57.5435,-115.498783,Forest Industry,2024-04-20 12:00:00,M1
2024,55.926133,-110.724117,Incendiary,2024-04-26 16:00:00,O1a
2024,55.9333,-110.72125,Incendiary,2024-05-05 20:00:00,O1a
2024,53.702667,-115.7315,Resident,2024-05-25 15:00:00,O1a
2024,57.002467,-115.208367,Lightning,2024-05-26 15:51:00,C2
2024,56.747972,-113.359763,Lightning,2024-05-26 14:41:00,C2
2024,57.484883,-118.302217,Lightning,2024-05-26 16:10:00,C2
2024,58.435917,-114.553883,Incendiary,2024-05-27 16:10:00,C2
2024,55.32,-115.649833,Power Line Industry,2024-05-28 14:30:00,O1a
2024,57.538483,-119.748222,Lightning,2024-05-25 17:00:00,C2
2024,50.8108,-114.658917,Recreation,2024-06-02 18:50:00,O1a
2024,54.67448,-111.86383,Resident,2024-01-28 12:00:00,M1
2024,55.895967,-110.755467,Incendiary,2024-05-02 13:15:00,O1a
2024,51.148817,-115.032317,Resident,2024-06-21 09:20:00,O1b
2024,57.4494,-117.524,Power Line Industry,2024-06-21 19:00:00,C2
2024,51.260283,-115.092117,Under Investigation,2024-05-29 19:00:00,S1
2024,58.81845,-116.421083,Lightning,2024-07-01 14:00:00,C2
2024,55.193783,-111.372983,Undetermined,2024-07-01 13:30:00,O1b
2024,53.5744,-116.640517,Under Investigation,2024-07-01 13:45:00,O1a
2024,55.970167,-111.3695,Lightning,2024-07-01 14:30:00,C2
2024,57.250833,-117.738,Lightning,2024-07-01 12:00:00,C2
2024,56.106083,-110.18895,Lightning,2024-07-01 18:00:00,C2
2024,55.457967,-119.54701,Agriculture Industry,2024-04-23 17:30:00,O1a
2024,54.613917,-118.384167,Oil & Gas Industry,2024-04-27 11:00:00,O1a
2024,56.31686,-119.145728,Lightning,2024-04-28 20:45:00,D1
2024,54.542467,-117.87775,Oil & Gas Industry,2024-05-08 15:30:00,C2
2024,53.732128,-115.840278,Power Line Industry,2024-06-05 08:30:00,O1b
2024,51.3208,-114.696133,Power Line Industry,2024-06-04 20:00:00,O1a
2024,53.9115,-118.77195,Undetermined,2024-06-05 21:45:00,O1a
2024,56.090205,-111.857175,Undetermined,2024-04-21 08:00:00,O1b
2024,52.246048,-114.977547,Power Line Industry,2024-06-11 16:30:00,C2
2024,51.25675,-115.082807,Under Investigation,2024-05-29 00:00:00,C3
2024,53.829717,-116.1218,Resident,2024-06-22 13:00:00,O1b
2024,53.5555,-115.25225,Agriculture Industry,2024-06-22 15:30:00,C7
2024,58.719863,-111.128363,Recreation,2024-06-22 17:00:00,S2
2024,54.991833,-114.04025,Resident,2024-04-18 11:15:00,O1a
2024,56.760917,-117.648133,Resident,2024-05-16 19:35:00,O1b
2024,54.501833,-114.5825,Power Line Industry,2024-05-31 21:00:00,O1b
2024,52.217783,-114.919417,Power Line Industry,2024-06-07 13:40:00,C3
2024,58.747694,-114.15981,Lightning,2024-07-01 21:00:00,M2
2024,59.0396,-119.486033,Lightning,2024-07-01 19:50:00,C2
2024,59.136717,-119.87105,Lightning,2024-07-02 12:00:00,C2
2024,57.165417,-110.529167,Lightning,2024-07-02 18:24:00,C2
2024,57.681583,-114.87945,Lightning,2024-07-04 17:00:00,C2
2024,58.720167,-116.722833,Lightning,2024-07-06 06:30:00,M2
2024,59.26365,-110.172867,Lightning,2024-07-07 02:43:00,C2
2024,53.052383,-116.064717,Forest Industry,2024-07-08 17:00:00,S1
2024,55.10693,-114.04943,Agriculture Industry,2024-07-09 18:25:00,O1a
2024,52.64305,-114.774467,Power Line Industry,2024-07-10 09:00:00,C2
2024,53.641633,-116.370633,Resident,2024-04-07 14:45:00,O1a
2024,55.93775,-110.719333,Incendiary,2024-05-05 21:41:00,O1a
2024,55.6101,-116.450683,Agriculture Industry,2024-05-07 21:00:00,O1b
2024,53.558833,-116.499583,Undetermined,2024-05-08 16:45:00,O1a
2024,55.309433,-115.460383,Resident,2024-05-09 20:00:00,M1
2024,55.288967,-117.23225,Resident,2024-05-10 13:30:00,O1a
2024,56.456217,-116.351717,Incendiary,2024-05-12 10:00:00,O1a
2024,56.57075,-114.311833,Lightning,2024-06-23 14:29:00,C2
2024,56.649167,-114.537667,Lightning,2024-06-23 08:59:00,C2
2024,55.8537,-113.8333,Lightning,2024-06-23 15:14:00,M2
2024,58.6255,-114.929383,Lightning,2024-06-24 16:00:00,M2
2024,55.60295,-111.42495,Incendiary,2024-06-29 13:00:00,C4
2024,54.724883,-110.652867,Recreation,2024-06-29 10:00:00,M2
2024,56.683333,-113.357583,Lightning,2024-06-30 17:40:00,M2
2024,56.44885,-113.169442,Lightning,2024-07-01 14:13:00,C2
2024,57.091667,-112.389333,Lightning,2024-07-01 14:02:00,C2
2024,56.407483,-113.14655,Lightning,2024-07-01 14:03:00,C2
2024,57.72625,-112.14805,Lightning,2024-07-01 14:06:00,C1
2024,54.965583,-114.034,Agriculture Industry,2024-04-24 08:15:00,S1
2024,58.340283,-116.205883,Resident,2023-05-03 22:00:00,O1b
2024,55.932083,-110.727333,Incendiary,2024-05-05 18:30:00,O1a
2024,56.076667,-115.354167,Other Industry,2024-06-22 08:59:00,O1a
2024,58.195367,-116.35275,Government,2024-06-28 19:30:00,O1b
2024,53.09355,-115.241383,Oil & Gas Industry,2024-07-10 16:30:00,O1b
2024,52.3703,-116.29425,Resident,2024-07-10 21:55:00,M2
2024,59.116667,-117.65,Lightning,2024-07-10 15:00:00,C2
2024,57.843033,-115.259367,Lightning,2024-07-11 12:00:00,C2
2024,56.995917,-112.636217,Lightning,2024-07-01 13:42:00,C2
2024,56.045383,-115.04865,Lightning,2024-07-10 08:51:00,C2
2024,56.521652,-114.548202,Lightning,2024-07-11 15:09:00,M2
2024,56.42305,-111.394133,Recreation,2024-04-27 15:25:00,O1a
2024,55.906683,-110.746283,Incendiary,2024-05-05 20:00:00,O1a
2024,59.6925,-117.10325,Lightning,2024-07-01 21:48:00,C2
2024,59.141817,-119.941433,Lightning,2024-07-02 10:28:00,C2
2024,59.140533,-119.9483,Lightning,2024-07-02 00:00:00,C2
2024,59.140017,-119.952933,Lightning,2024-07-02 10:15:00,C2
2024,57.2595,-110.627433,Lightning,2024-07-02 18:21:00,M2
2024,56.323867,-111.982917,Lightning,2024-07-03 19:52:00,C2
2024,58.5225,-117.912117,Lightning,2024-07-04 13:58:00,C1
2024,58.41905,-117.897017,Lightning,2024-07-04 15:15:00,D1
2024,57.719517,-114.8273,Lightning,2024-07-04 17:00:00,M2
2024,59.389767,-116.47695,Lightning,2024-07-05 23:00:00,C2
2024,58.247933,-117.804167,Lightning,2024-07-04 15:00:00,D1
2024,57.077783,-118.74955,Lightning,2024-07-10 15:00:00,C2
2024,57.145,-114.783,Lightning,2024-07-10 17:32:00,C2
2024,57.599083,-115.582017,Lightning,2024-07-20 13:00:00,C2
2024,55.745617,-110.76135,Lightning,2024-07-05 20:10:00,C3
2024,53.435367,-115.327983,Lightning,2024-07-04 14:29:00,C2
2024,54.484833,-115.453317,Power Line Industry,2024-07-21 13:45:00,O1b
2024,55.929623,-110.721177,Resident,2024-07-26 01:55:00,C2
2024,53.358969,-117.567803,Power Line Industry,2024-07-23 16:35:00,O1b
2024,56.882583,-116.369833,Lightning,2024-07-13 18:30:00,C2
2024,55.949726,-113.812317,Power Line Industry,2024-03-15 16:00:00,O1a
2024,54.306652,-115.118652,Incendiary,2024-04-11 13:45:00,O1a
2024,55.9038,-115.637117,Resident,2024-05-04 12:00:00,M1
2024,53.742383,-115.143833,Undetermined,2024-05-09 19:00:00,O1a
2024,55.997883,-111.955433,Power Line Industry,2024-05-27 13:00:00,O1a
2024,57.912833,-116.33405,Recreation,2024-01-05 07:50:00,C2
2024,55.151833,-112.480767,Undetermined,2024-07-01 14:15:00,O1b
2024,54.77552,-110.589843,Power Line Industry,2024-07-07 13:30:00,O1b
2024,54.286793,-115.700127,Oil & Gas Industry,2024-07-09 12:00:00,M2
2024,57.278267,-118.0148,Lightning,2024-07-10 18:00:00,C2
2024,56.655483,-116.27465,Lightning,2024-07-10 20:00:00,C2
2024,57.014333,-110.900667,Lightning,2024-07-09 15:32:00,C2
2024,57.299868,-115.070018,Lightning,2024-07-10 10:18:00,D1
2024,57.4055,-118.83905,Lightning,2024-07-11 13:00:00,M2
2024,56.871333,-115.338767,Lightning,2024-07-10 21:46:00,C2
2024,56.94305,-115.541033,Lightning,2024-07-10 22:58:00,C2
2024,56.296717,-117.30625,Resident,2024-03-30 16:25:00,O1a
2024,55.92905,-110.72835,Incendiary,2024-04-22 14:40:00,D1
2024,55.906683,-110.746283,Incendiary,2024-05-05 20:01:00,O1a
2024,58.514,-115.148333,Resident,2024-05-06 21:50:00,O1b
2024,54.138348,-115.783532,Resident,2024-05-08 13:40:00,O1a
2024,56.597,-117.866533,Agriculture Industry,2024-05-10 17:50:00,C2
2024,51.273133,-114.7438,Power Line Industry,2024-04-27 14:30:00,O1a
2024,52.726917,-115.621467,Power Line Industry,2024-06-11 20:30:00,C2
2024,57.0365,-110.781,Lightning,2024-07-07 02:00:00,C2
2024,52.963115,-115.704513,Lightning,2024-07-15 15:00:00,C4
2024,55.143246,-110.182818,Lightning,2024-07-13 14:55:00,C2
2024,54.302623,-115.624817,Incendiary,2024-07-18 12:10:00,O1b
2024,51.887626,-114.960134,Recreation,2024-04-27 21:30:00,O1a
2024,58.44395,-116.762633,Undetermined,2024-05-06 14:15:00,O1b
2024,57.543167,-117.6077,Lightning,2024-07-13 21:00:00,M2
2024,56.365083,-116.817217,Lightning,2024-07-09 19:00:00,C2
2024,52.766167,-115.75582,Lightning,2024-07-24 12:00:00,S1
2024,52.124633,-115.166583,Lightning,2024-07-16 14:00:00,M2
2024,55.554492,-112.31565,Resident,2024-07-24 03:00:00,O1b
2024,54.199818,-115.871063,Under Investigation,2024-07-27 03:55:00,O1b
2024,57.437617,-119.345233,Lightning,2024-07-22 23:00:00,C2
2024,58.811947,-118.754464,Recreation,2024-05-06 14:00:00,O1a
2024,51.259167,-114.8143,Power Line Industry,2024-06-11 18:00:00,O1b
2024,54.515017,-110.822533,Power Line Industry,2024-06-16 10:15:00,M2
2024,59.082975,-118.870537,Power Line Industry,2024-06-20 12:15:00,C2
2024,56.031433,-113.884,Lightning,2024-06-30 17:47:00,M1
2024,53.546383,-116.33625,Under Investigation,2024-04-30 12:15:00,O1a
2024,58.760217,-111.109367,Recreation,2024-05-05 18:00:00,O1a
2024,55.336383,-111.86825,Lightning,2024-07-14 11:00:00,C1
2024,54.66985,-110.96694,Recreation,2024-07-14 00:01:00,O1b
2024,56.0,-110.9,Lightning,2024-07-14 13:40:00,C2
2024,55.159417,-113.856083,Power Line Industry,2024-06-07 14:00:00,M2
2024,52.993583,-115.484217,Lightning,2024-06-14 14:45:00,C3
2024,56.268378,-110.255548,Lightning,2024-07-11 19:30:00,C2
2024,57.231367,-115.8951,Lightning,2024-07-10 15:02:00,C2
2024,56.851222,-115.301508,Lightning,2024-07-10 21:44:00,C2
2024,57.659117,-115.0287,Lightning,2024-07-13 23:30:00,C2
2024,54.399667,-117.611333,Lightning,2024-07-19 18:05:00,C2
2024,54.685217,-118.41045,Lightning,2024-07-19 16:03:00,C6
2024,55.0562,-118.580917,Lightning,2024-07-19 16:45:00,M2
2024,55.0545,-118.564667,Lightning,2024-07-19 16:43:00,C2
2024,55.3423,-117.73315,Lightning,2024-07-19 19:42:00,M2
2024,55.067633,-117.40425,Incendiary,2024-04-11 17:20:00,D1
2024,54.1012,-115.682133,Power Line Industry,2024-06-24 11:00:00,M2
2024,56.41961,-116.108987,Lightning,2024-06-30 14:00:00,C2
2024,56.4065,-111.329817,Lightning,2024-07-01 15:18:00,C2
2024,58.947467,-117.553667,Lightning,2024-06-30 22:53:00,C1
2024,57.2544,-118.089517,Lightning,2024-07-13 21:00:00,C2
2024,57.253333,-118.0925,Lightning,2024-07-13 16:45:00,C2
2024,53.073083,-116.338417,Lightning,2024-07-15 21:02:00,S2
2024,56.640917,-111.169783,Lightning,2024-07-16 17:51:00,C2
2024,55.235867,-115.66855,Government,2024-07-18 11:00:00,C2
2024,54.811167,-118.173333,Lightning,2024-07-22 19:55:00,C2
2024,58.350033,-116.1818,Undetermined,2024-05-09 12:45:00,O1b
2024,56.37175,-116.80355,Lightning,2024-07-11 19:00:00,C2
2024,55.503583,-119.49625,Oil & Gas Industry,2024-05-10 15:45:00,M1
2024,59.019443,-114.695,Lightning,2024-07-18 12:00:00,C1
2024,57.575767,-117.026617,Lightning,2024-07-12 18:00:00,C2
2024,57.385667,-117.11635,Lightning,2024-07-12 18:00:00,M2
2024,57.207167,-115.355167,Lightning,2024-07-10 09:56:00,C2
2024,54.0314,-117.369767,Lightning,2024-07-19 19:15:00,C2
2024,55.932483,-110.72275,Incendiary,2024-04-18 22:56:00,O1a
2024,59.782867,-117.131667,Lightning,2024-07-02 08:26:00,C2
2024,55.668883,-110.4058,Lightning,2024-07-05 18:00:00,C3
2024,55.7649,-110.798117,Lightning,2024-07-05 20:05:00,C2
2024,55.71825,-112.669967,Lightning,2024-07-01 17:00:00,C4
2024,56.7745,-114.8545,Lightning,2024-07-10 14:38:00,M2
2024,56.6565,-114.845167,Lightning,2024-07-10 14:06:00,M2
2024,56.017333,-115.7185,Lightning,2024-07-10 07:29:00,C2
2024,56.0195,-115.732833,Lightning,2024-07-10 07:29:00,C2
2024,57.317833,-114.640517,Lightning,2024-07-10 17:42:00,C2
2024,56.513567,-116.22385,Power Line Industry,2024-07-09 11:00:00,O1b
2024,55.782333,-119.681667,Lightning,2024-07-19 01:00:00,C2
2024,55.736633,-119.39895,Lightning,2024-07-19 20:00:00,M2
2024,55.047583,-118.51805,Lightning,2024-07-19 18:00:00,C6
2024,51.54154,-114.969683,Lightning,2024-07-20 16:00:00,C2
2024,51.540973,-114.970867,Lightning,2024-07-20 16:00:00,C2
2024,56.950113,-115.003802,Lightning,2024-06-30 16:00:00,C1
2024,56.965217,-113.353733,Lightning,2024-06-30 17:47:00,C2
2024,57.23715,-115.306867,Lightning,2024-06-30 17:40:00,C2
2024,52.817467,-115.277133,Lightning,2024-07-10 19:05:00,C2
2024,58.52665,-117.917617,Lightning,2024-07-04 13:58:00,C1
2024,57.5606,-117.01995,Lightning,2024-07-16 21:00:00,M2
2024,57.191833,-117.771667,Lightning,2024-07-17 21:00:00,C1
2024,53.736317,-117.4714,Lightning,2024-07-19 17:58:00,C3
2024,53.754517,-117.097717,Under Investigation,2024-07-21 17:30:00,C4
2024,51.50995,-115.262,Lightning,2024-07-22 18:00:00,C3
2024,56.518933,-115.18111,Lightning,2024-07-13 10:15:00,C2
2024,55.9226,-110.729736,Resident,2024-04-14 14:00:00,O1a
2024,56.62685,-111.364,Power Line Industry,2024-04-14 16:00:00,O1a
2024,55.935283,-113.733367,Undetermined,2024-04-24 17:05:00,O1a
2024,54.651433,-111.8871,Resident,2024-04-14 21:00:00,O1b
2024,54.462,-118.672667,Lightning,2024-07-19 15:35:00,M2
2024,54.919953,-112.876295,Power Line Industry,2024-07-22 03:00:00,O1b
2024,56.479783,-119.976983,Lightning,2024-07-18 18:00:00,O1b
2024,52.501667,-116.2305,Lightning,2024-07-22 17:45:00,C2
2024,55.335,-117.822617,Lightning,2024-07-22 21:44:00,C2
2024,53.3902,-115.284633,Lightning,2024-07-20 15:00:00,S2
2024,53.142867,-117.4023,Forest Industry,2024-01-30 06:00:00,S1
2024,56.407797,-115.338427,Undetermined,2024-03-31 12:00:00,C2
2024,55.9283,-110.725083,Incendiary,2024-04-09 16:15:00,O1b
2024,55.949726,-113.819085,Undetermined,2024-04-10 11:00:00,O1a
2024,57.60175,-117.5735,Railroad,2024-05-02 12:00:00,O1a
2024,53.66795,-115.2738,Agriculture Industry,2024-05-04 11:00:00,O1a
2024,52.103833,-115.190167,Lightning,2024-06-21 13:36:00,C2
2024,55.151,-112.4807,Undetermined,2024-07-01 14:00:00,O1a
2024,55.012667,-113.4507,Lightning,2024-07-11 11:05:00,C2
2024,57.443367,-115.839542,Lightning,2024-07-15 12:00:00,C4
2024,56.675217,-112.033367,Lightning,2024-07-16 14:10:00,C2
2024,53.616467,-117.095833,Lightning,2024-07-19 18:18:00,M2
2024,57.940163,-116.37475,Lightning,2024-07-23 10:23:00,C2
2024,54.57954,-110.465088,Power Line Industry,2024-07-23 11:00:00,O1b
2024,56.384667,-111.748667,Lightning,2024-07-10 18:53:00,C2
2024,53.51355,-115.7325,Lightning,2024-07-11 17:18:00,C3
2024,53.53875,-115.633083,Lightning,2024-07-11 17:26:00,M2
2024,54.704833,-114.799917,Lightning,2024-06-23 15:30:00,M2
2024,55.965367,-112.502667,Lightning,2024-07-16 16:00:00,C2
2024,58.525467,-117.91035,Lightning,2024-07-23 12:11:00,S2
2024,55.724367,-119.49855,Lightning,2024-07-23 05:53:00,M2
2024,56.540817,-111.659533,Lightning,2024-07-24 02:33:00,M2
2024,57.220217,-119.2902,Lightning,2024-07-17 21:00:00,C2
2024,55.540617,-119.397033,Recreation,2024-01-05 12:00:00,C2
2024,57.08761,-111.698803,Recreation,2024-01-21 15:00:00,C2
2024,57.049133,-117.882833,Lightning,2024-06-29 19:00:00,M2
2024,57.064017,-118.520267,Lightning,2024-07-10 16:00:00,C2
2024,57.5332,-118.3387,Lightning,2024-07-10 19:00:00,O1b
2024,55.7785,-111.2115,Lightning,2024-07-18 15:30:00,C2
2024,55.852217,-119.297,Lightning,2024-07-19 19:03:00,M2
2024,52.52335,-116.240817,Lightning,2024-07-22 17:00:00,C3
2024,51.540983,-114.97085,Lightning,2024-07-20 16:00:00,C2
2024,54.997633,-118.70132,Lightning,2024-07-21 01:00:00,M2
2024,56.667672,-116.236125,Lightning,2024-07-13 18:00:00,C2
2024,54.701,-116.25,Forest Industry,2024-01-15 12:00:00,S2
2024,54.475857,-111.241035,Power Line Industry,2024-04-01 09:00:00,O1a
2024,56.074317,-111.882317,Incendiary,2024-04-09 00:00:00,O1a
2024,55.13525,-112.92955,Resident,2024-05-08 14:23:00,D1
2024,54.099613,-117.53241,Oil & Gas Industry,2024-05-08 16:00:00,S1
2024,50.1045,-114.222883,Undetermined,2024-05-08 14:00:00,O1a
2024,51.115917,-115.031233,Power Line Industry,2024-05-09 11:10:00,O1a
2024,56.021917,-111.932017,Resident,2024-05-04 01:50:00,O1a
2024,54.794083,-110.273233,Lightning,2024-07-16 18:15:00,C3
2024,54.954933,-110.404417,Lightning,2024-07-16 14:28:00,C2
2024,52.85755,-116.034067,Forest Industry,2024-07-19 20:00:00,S1
2024,56.942383,-115.548683,Lightning,2024-07-10 15:36:00,M2
2024,52.193833,-116.105,Lightning,2024-07-22 12:00:00,C2
2024,52.125583,-115.166833,Lightning,2024-07-16 15:53:00,C2
2024,58.154083,-114.437633,Lightning,2024-07-01 12:47:00,C2
2024,54.678887,-111.911827,Resident,2024-03-30 15:00:00,O1a
2024,54.794333,-115.517867,Oil & Gas Industry,2024-04-12 14:10:00,O1a
2024,55.286033,-114.467633,Resident,2023-12-10 09:00:00,S2
2024,55.273883,-113.235867,Resident,2024-04-20 21:00:00,O1b
2024,57.73435,-118.383367,Lightning,2024-06-14 12:00:00,C2
2024,58.86212,-117.603132,Lightning,2024-06-28 15:30:00,C2
2024,57.2999,-117.96145,Lightning,2024-07-11 18:00:00,C2
2024,53.3985,-115.281167,Lightning,2024-07-20 15:00:00,C4
2024,55.592283,-116.652883,Government,2024-07-22 16:00:00,M2
2024,58.710883,-118.68745,Resident,2024-05-29 00:00:00,O1a
2024,55.728233,-110.777283,Lightning,2024-07-05 20:00:00,C2
2024,55.580033,-118.503383,Resident,2024-02-23 05:30:00,O1a
2024,55.967033,-119.209617,Resident,2024-02-01 08:00:00,O1a
2024,53.569617,-116.597167,Resident,2024-06-07 19:00:00,C1
2024,54.675,-111.8547,Undetermined,2024-08-26 20:00:00,C1
2024,57.1308,-112.238467,Lightning,2024-07-01 14:31:00,C2
2024,56.349633,-111.3296,Lightning,2024-07-01 14:45:00,C2
2024,55.670117,-112.556183,Lightning,2024-07-13 15:00:00,C2
2024,55.115917,-110.3172,Lightning,2024-07-13 15:56:00,C2
2024,59.875117,-117.31305,Agriculture Industry,2024-07-14 00:00:00,S2
2024,59.37,-114.11,Lightning,2024-06-26 17:35:00,M2
2024,54.278103,-115.028435,Undetermined,2024-04-09 12:00:00,O1a
2024,55.913733,-110.738533,Incendiary,2024-04-22 19:58:00,O1a
2024,55.340283,-116.6972,Undetermined,2024-05-05 05:45:00,M2
2024,58.795233,-111.0586,Other Industry,2024-05-09 18:00:00,M1
2024,54.102188,-115.451598,Power Line Industry,2024-05-29 22:10:00,O1a
2024,52.6522,-115.751167,Lightning,2024-06-11 16:30:00,C3
2024,56.1186,-111.296183,Lightning,2024-07-16 15:01:00,C2
2024,57.348683,-115.6564,Lightning,2024-07-10 23:11:00,C2
2024,56.456417,-117.703383,Lightning,2024-07-19 19:00:00,M2
2024,59.979362,-111.832023,Resident,2024-07-21 23:40:00,M2
2024,55.378117,-116.164867,Lightning,2024-07-24 06:55:00,M2
2024,55.567467,-114.229333,Lightning,2024-07-13 09:45:00,C2
2024,54.217178,-116.22071,Under Investigation,2024-07-27 23:00:00,O1b
2024,56.619717,-115.052633,Lightning,2024-07-13 11:34:00,C2
2024,54.654667,-119.158933,Lightning,2024-07-19 20:00:00,C2
2024,58.485167,-117.0989,Resident,2024-05-11 13:15:00,C2
2024,56.251498,-114.894252,Lightning,2024-07-10 10:30:00,C2
2024,55.110216,-116.685782,Power Line Industry,2024-07-11 09:00:00,O1a
2024,55.459128,-116.698658,Agriculture Industry,2024-07-11 16:15:00,O1a
2024,55.694833,-110.65785,Lightning,2024-07-16 16:17:00,C2
2024,53.250748,-116.630935,Lightning,2024-07-15 19:58:00,C2
2024,54.2975,-118.6605,Lightning,2024-07-19 14:53:00,C2
2024,53.960983,-116.46145,Incendiary,2024-07-16 22:00:00,C2
2024,53.256733,-115.696117,Lightning,2024-07-18 17:50:00,C2
2024,53.3644,-115.32375,Lightning,2024-07-16 22:27:00,C2
2024,56.276867,-118.290917,Resident,2024-03-17 12:00:00,O1a
2024,51.4878,-114.682067,Resident,2024-04-22 16:30:00,O1a
2024,58.514133,-115.1582,Resident,2024-04-27 13:00:00,O1a
2024,56.618817,-117.298967,Agriculture Industry,2024-03-20 12:00:00,O1b
2024,54.660542,-115.573922,Lightning,2024-06-11 20:59:00,C2
2024,54.039333,-115.355178,Agriculture Industry,2024-07-16 19:30:00,O1b
2024,55.080817,-113.029317,Lightning,2024-07-17 16:00:00,C2
2024,52.598583,-115.821217,Lightning,2024-07-16 13:00:00,S2
2024,55.93755,-110.721133,Incendiary,2024-04-14 14:10:00,O1a
2024,58.471867,-116.158833,Power Line Industry,2024-04-15 15:00:00,O1a
2024,51.925117,-114.739,Resident,2024-04-26 15:30:00,S1
2024,56.292268,-117.441222,Undetermined,2024-05-09 06:00:00,D1
2024,55.6283,-119.2193,Oil & Gas Industry,2024-05-09 12:05:00,O1a
2024,57.76435,-117.084867,Power Line Industry,2024-05-09 18:30:00,C1
2024,56.964917,-118.354467,Lightning,2024-06-30 19:30:00,C2
2024,56.98865,-118.341033,Lightning,2024-06-30 20:11:00,C2
2024,57.00825,-118.439483,Lightning,2024-06-30 19:30:00,M2
2024,57.027167,-118.393833,Lightning,2024-06-30 19:30:00,M2
2024,55.27905,-115.716917,Lightning,2024-07-13 07:55:00,M2
2024,56.549517,-115.092233,Lightning,2024-07-13 09:21:00,C2
2024,56.067887,-113.469737,Lightning,2024-07-13 09:21:00,C2
2024,56.635083,-115.043433,Lightning,2024-07-13 11:34:00,C2
2024,54.00177,-116.601028,Lightning,2024-07-16 01:47:00,S2
2024,56.1615,-110.84825,Power Line Industry,2024-05-10 09:30:00,O1b
2024,56.161,-110.861333,Power Line Industry,2024-05-10 13:15:00,O1b
2024,57.929133,-117.548333,Power Line Industry,2024-05-10 19:00:00,M2
2024,54.655562,-113.937065,Power Line Industry,2024-05-11 14:00:00,M1
2024,51.622033,-114.747583,Power Line Industry,2024-05-16 14:51:00,O1b
2024,58.6787,-119.202117,Lightning,2024-07-01 21:07:00,C2
2024,57.246667,-115.825933,Lightning,2024-07-10 15:02:00,C2
2024,56.24375,-118.5037,Lightning,2024-07-13 12:00:00,O1b
2024,55.646,-112.81025,Lightning,2024-07-13 15:00:00,C2
2024,55.56565,-112.552117,Lightning,2024-07-13 15:00:00,M2
2024,54.694633,-117.067133,Agriculture Industry,2024-07-14 11:40:00,O1a
2024,55.0283,-110.4463,Lightning,2024-07-13 16:00:00,M2
2024,53.99752,-116.931678,Lightning,2024-07-19 19:49:00,M2
2024,58.65875,-118.558883,Lightning,2024-07-24 02:00:00,M2
2024,54.994617,-118.70475,Lightning,2024-07-19 15:50:00,C2
2024,56.3863,-111.027967,Power Line Industry,2024-04-27 11:50:00,O1a
2024,56.554378,-115.312767,Undetermined,2024-05-02 17:15:00,O1a
2024,54.225505,-115.786697,Under Investigation,2024-05-09 14:00:00,O1a
2024,54.332843,-114.775963,Incendiary,2024-05-18 20:46:00,O1b
2024,53.410617,-116.123917,Lightning,2024-06-04 22:51:00,C2
2024,53.400917,-115.72495,Lightning,2024-06-23 15:52:00,C2
2024,58.069867,-115.056433,Lightning,2024-07-11 13:00:00,C1
2024,52.498283,-115.923083,Oil & Gas Industry,2024-07-10 13:55:00,C2
2024,54.833667,-118.650333,Oil & Gas Industry,2024-07-16 11:37:00,O1a
2024,55.33785,-114.7408,Other Industry,2024-07-18 09:10:00,O1a
2024,56.6755,-117.247917,Incendiary,2024-03-28 13:50:00,O1a
2024,54.17195,-118.21125,Lightning,2024-08-11 18:00:00,S1
2024,58.584883,-118.82945,Lightning,2024-07-11 13:00:00,M2
2024,58.59707,-118.893092,Lightning,2024-07-11 09:47:00,M2
2024,51.722783,-115.405717,Lightning,2024-07-20 17:00:00,C3
2024,57.1919,-118.435733,Lightning,2024-07-23 23:00:00,C2
2024,57.232767,-118.423083,Lightning,2024-07-13 23:00:00,C2
2024,56.43835,-115.926707,Lightning,2024-07-08 17:15:00,C2
2024,57.225183,-115.8255,Lightning,2024-06-30 18:21:00,C2
2024,56.033378,-113.85808,Power Line Industry,2024-07-30 19:00:00,C2
2024,57.420957,-113.759147,Lightning,2024-07-10 15:10:00,C1
2024,54.519478,-117.380935,Lightning,2024-07-19 22:40:00,S1
2024,57.933917,-119.328517,Lightning,2024-08-23 17:00:00,M2
2024,54.103067,-115.451567,Under Investigation,2024-10-08 16:15:00,O1a
2024,54.341283,-114.765867,Under Investigation,2024-10-08 17:25:00,M2
2024,54.290333,-116.371133,Under Investigation,2024-10-08 17:45:00,C2
2024,56.195867,-116.96945,Lightning,2024-08-15 18:55:00,C2
2024,55.097467,-110.53035,Lightning,2024-07-16 16:00:00,C2
2024,56.637485,-111.145187,Recreation,2024-10-13 14:00:00,O1a
2024,58.83545,-117.424633,Recreation,2024-10-01 12:00:00,M1
2024,58.857783,-117.407417,Recreation,2024-10-14 12:00:00,M1
2024,50.579333,-115.056833,Lightning,2024-08-04 15:00:00,C3
2024,58.494283,-116.564583,Agriculture Industry,2024-08-20 19:30:00,O1b
2024,55.401383,-119.723333,Resident,2024-08-30 15:45:00,S1
2024,53.791383,-116.1175,Power Line Industry,2024-10-08 16:30:00,O1b
2024,53.700767,-116.163717,Power Line Industry,2024-10-08 16:30:00,O1b
2024,53.62395,-115.771083,Power Line Industry,2024-10-08 16:30:00,O1b
2024,57.293817,-118.643367,Lightning,2024-07-15 22:00:00,M2
2024,55.787083,-111.514083,Lightning,2024-07-10 18:00:00,C2
2024,55.42055,-110.78385,Lightning,2024-07-22 07:00:00,C2
2024,52.449667,-116.819667,Lightning,2024-07-22 12:00:00,C2
2024,55.881167,-119.093833,Lightning,2024-07-23 21:13:00,M2
2024,59.039667,-119.046283,Lightning,2024-07-01 01:30:00,M2
2024,55.10065,-111.119267,Lightning,2024-07-16 17:00:00,C2
2024,57.399483,-112.478283,Recreation,2024-09-24 13:00:00,C3
2024,58.466083,-114.538917,Resident,2024-10-14 13:00:00,O1b
2024,56.591477,-112.247133,Lightning,2024-07-16 14:23:00,C1
2024,56.246653,-110.22314,Lightning,2024-07-11 18:42:00,C2
2024,56.221183,-110.427267,Lightning,2024-07-12 10:45:00,C2
2024,55.73105,-110.435342,Lightning,2024-07-06 17:00:00,C2
2024,59.1433,-119.868067,Lightning,2024-07-02 09:42:00,C1
2024,55.698817,-119.376983,Lightning,2024-08-24 00:26:00,M1
2024,51.290947,-114.862412,Undetermined,2024-11-09 13:00:00,C2
2024,49.81374,-113.97836,Recreation,2024-11-16 08:00:00,C2
2024,55.88885,-115.814883,Undetermined,2024-07-31 19:45:00,O1b
2024,56.002467,-110.940117,Lightning,2024-07-14 13:30:00,C2
2024,56.485167,-115.32255,Undetermined,2024-08-20 20:45:00,M2
2024,54.23825,-115.741417,Under Investigation,2024-10-08 16:15:00,C2
2024,53.89065,-115.442983,Under Investigation,2024-10-08 16:20:00,O1a
2024,54.308867,-115.251767,Under Investigation,2024-10-08 17:46:00,M2
2024,59.2725,-115.648667,Lightning,2024-06-29 15:00:00,C1
2024,54.146115,-116.641,Under Investigation,2024-09-27 12:30:00,O1a
2024,53.714617,-115.408417,Agriculture Industry,2024-08-03 16:40:00,O1a
2024,52.721,-115.776367,Lightning,2024-08-12 16:00:00,C2
2024,58.61305,-119.1732,Lightning,2024-07-17 11:00:00,M2
2024,55.54745,-119.458467,Government,2024-08-15 15:20:00,M2
2024,56.56075,-113.32185,Lightning,2024-08-13 16:05:00,C2
2024,55.918133,-110.735517,Incendiary,2024-09-10 14:00:00,S2
2024,54.1075,-118.297333,Undetermined,2024-08-02 17:57:00,C2
2024,58.587585,-119.497532,Lightning,2024-08-02 00:00:00,C2
2024,58.582217,-119.457883,Lightning,2024-08-02 00:00:00,C2
2024,58.533,-117.8685,Lightning,2024-08-02 00:00:00,S2
2024,55.095883,-119.902917,Lightning,2024-08-24 01:32:00,M2
2024,58.891983,-117.004867,Lightning,2024-06-27 14:00:00,C2
2024,55.184383,-110.650133,Lightning,2024-07-20 14:00:00,M2
2024,57.617183,-117.858983,Lightning,2024-07-13 19:00:00,C2
2024,55.95575,-119.671733,Agriculture Industry,2024-01-01 12:00:00,S2
2024,58.020183,-118.6842,Lightning,2024-08-13 19:00:00,C2
2024,58.430217,-118.5671,Lightning,2024-07-24 12:00:00,C2
2024,58.7445,-114.203683,Lightning,2024-07-16 06:00:00,S1
2024,56.02075,-110.961033,Lightning,2024-07-16 15:30:00,M1
2024,55.2664,-111.21795,Lightning,2024-08-13 17:00:00,C2
2024,55.418667,-112.541667,Lightning,2024-08-13 17:18:00,C2
2024,58.740667,-117.415833,Lightning,2024-07-23 13:10:00,C2
2024,57.954667,-117.907017,Lightning,2024-08-23 17:15:00,M2
2024,52.680833,-115.0783,Power Line Industry,2024-09-16 16:00:00,M2
2024,58.660633,-118.560403,Lightning,2024-07-22 23:40:00,C2
2024,58.314833,-118.674167,Lightning,2024-07-23 13:00:00,C2
2024,55.996067,-115.542917,Under Investigation,2024-11-13 00:00:00,D1
2024,52.826833,-115.281717,Lightning,2024-07-10 18:43:00,M2
2024,56.463683,-117.682283,Agriculture Industry,2024-11-03 16:00:00,S2
2024,53.603383,-116.60845,Recreation,2024-09-30 08:00:00,M1
2024,58.673333,-114.1515,Lightning,2024-07-18 10:00:00,C2
2024,56.57595,-111.793967,Under Investigation,2024-05-09 16:00:00,M1
2024,56.35,-111.345667,Lightning,2024-07-01 15:45:00,C2
2024,56.35115,-111.324817,Lightning,2024-07-01 14:45:00,C2
2024,57.5488,-111.86635,Lightning,2024-07-02 13:16:00,M2
2024,57.553967,-111.203467,Lightning,2024-07-02 17:27:00,C2
2024,56.3299,-112.003183,Lightning,2024-07-02 18:28:00,C2
2024,56.317517,-111.9807,Lightning,2024-07-02 18:02:00,C2
2024,57.358452,-110.956948,Lightning,2024-07-02 18:09:00,C1
2024,55.135,-111.025617,Lightning,2024-07-16 16:30:00,C3
2024,55.7835,-110.827333,Lightning,2024-07-05 18:40:00,C2
2024,53.478195,-118.873277,Lightning,2024-07-19 13:50:00,C2
2024,57.469467,-117.26,Lightning,2024-07-18 10:00:00,M2
2024,54.44795,-111.198333,Under Investigation,2024-09-06 14:30:00,M2
2024,53.657117,-115.11575,Agriculture Industry,2024-08-12 13:50:00,O1a
2024,53.60575,-115.1617,Resident,2024-09-03 18:00:00,O1b
2024,53.618383,-116.350367,Power Line Industry,2024-10-08 16:30:00,M1
2024,53.803333,-116.249,Power Line Industry,2024-10-08 16:30:00,O1b
2024,54.501273,-116.198745,Lightning,2024-07-16 03:51:00,S1
2024,56.557432,-113.34594,Lightning,2024-08-13 16:05:00,C2
2024,56.555917,-113.313683,Lightning,2024-08-13 16:28:00,C2
2024,56.548833,-113.356217,Lightning,2024-08-13 16:40:00,C2
2024,56.607467,-113.553133,Lightning,2024-08-13 15:45:00,C2
2024,56.57475,-113.325133,Lightning,2024-08-13 16:20:00,C2
2024,56.863833,-113.490383,Lightning,2024-08-13 16:15:00,C2
2024,57.2053,-113.18745,Lightning,2024-08-13 16:46:00,M2
2024,56.47695,-113.64445,Lightning,2024-08-13 16:38:00,C1
2024,54.363633,-116.4906,Lightning,2024-07-16 02:03:00,C2
2024,50.140917,-114.171633,Lightning,2024-08-05 20:00:00,M2
2024,54.24575,-118.202467,Lightning,2024-07-20 07:00:00,C3
2024,59.922283,-111.859183,Lightning,2024-07-23 20:54:00,C2
2024,56.383233,-110.877183,Undetermined,2024-07-24 10:00:00,S2
2024,57.485467,-115.7277,Lightning,2024-07-13 23:30:00,C2
2024,57.840833,-116.062167,Lightning,2024-07-13 23:00:00,C2
2024,56.764817,-111.742583,Recreation,2024-10-12 16:40:00,S1
2024,58.873217,-117.915133,Lightning,2024-08-10 14:00:00,M2
2024,54.914967,-112.52405,Undetermined,2024-07-09 14:20:00,O1b
2024,51.256333,-114.994633,Power Line Industry,2024-10-31 10:00:00,C2
2024,58.842483,-114.2365,Lightning,2024-08-21 14:00:00,C2
2024,55.8135,-111.306833,Lightning,2024-07-01 19:00:00,C2
2024,51.7267,-114.873667,Lightning,2024-09-02 17:47:00,M2
2024,54.429997,-114.683578,Undetermined,2024-08-09 15:35:00,O1a
2024,51.145033,-114.76445,Power Line Industry,2024-10-19 08:00:00,O1b
2024,59.697717,-117.1216,Lightning,2024-07-02 12:00:00,C2
2024,59.794133,-116.955917,Lightning,2024-07-02 12:20:00,S2
2024,59.790833,-116.947717,Lightning,2024-07-02 12:30:00,S2
2024,59.035967,-119.857083,Lightning,2024-08-01 17:00:00,C2
2024,56.001733,-110.935382,Lightning,2024-07-11 21:00:00,C2
2024,50.789717,-115.32285,Lightning,2024-08-02 18:00:00,C2
2024,54.199067,-115.993088,Lightning,2024-08-15 17:30:00,S1
2024,59.753468,-117.190689,Lightning,2024-07-06 07:30:00,C2
2024,59.566583,-117.948667,Lightning,2024-07-02 19:00:00,C2
2024,56.472313,-111.98066,Lightning,2024-07-16 15:00:00,C2
2024,58.588217,-119.368083,Lightning,2024-08-01 17:00:00,M2
2024,56.902683,-119.921883,Lightning,2024-08-12 20:00:00,C2
2024,55.478783,-119.9905,Recreation,2024-07-27 09:30:00,O1b
2024,54.115372,-116.728017,Under Investigation,2024-09-07 15:00:00,C2
2024,52.8208,-116.751867,Lightning,2024-07-25 12:00:00,C2
2024,52.49,-116.265,Lightning,2024-07-31 15:00:00,C2
2024,52.031272,-115.375908,Lightning,2024-07-31 14:00:00,O1b
2024,52.3157,-116.330033,Recreation,2024-08-05 16:17:00,O1b
2024,55.129483,-110.616267,Lightning,2024-07-16 15:50:00,C2
2024,56.477783,-111.527683,Lightning,2024-07-01 15:02:00,C2
2024,59.572464,-119.452309,Lightning,2024-09-19 12:00:00,C2
2024,51.26706,-115.037498,Recreation,2024-10-05 18:00:00,M2
2024,55.888933,-111.3868,Lightning,2024-08-08 13:00:00,M2
2024,55.54745,-119.458467,Lightning,2024-08-11 15:40:00,C2
2024,55.57625,-119.5835,Lightning,2024-07-21 23:00:00,M2
2024,55.538667,-119.472,Lightning,2024-08-11 15:40:00,M2
2024,58.52275,-117.421417,Lightning,2024-09-03 16:59:00,C1
2024,54.58745,-119.098167,Forest Industry,2024-08-09 07:00:00,S1
2024,58.620867,-117.916617,Lightning,2024-07-10 09:00:00,C2
2024,58.08605,-117.90375,Lightning,2024-07-09 12:00:00,M2
2024,52.459967,-116.269833,Lightning,2024-09-21 17:14:00,S2
2024,54.226483,-118.670983,Lightning,2024-08-10 18:20:00,C2
2024,55.6007,-112.421367,Lightning,2024-08-13 16:00:00,C2
2024,55.588717,-112.670267,Lightning,2024-08-13 16:45:00,C2
2024,55.646833,-112.374217,Lightning,2024-08-13 16:55:00,C2
2024,55.612533,-112.363533,Lightning,2024-08-13 16:00:00,C2
2024,55.300333,-112.621833,Lightning,2024-08-13 17:25:00,C2
2024,55.015217,-118.383,Recreation,2024-09-26 12:00:00,O1a
2024,59.036667,-117.018333,Lightning,2024-07-03 11:00:00,C2
2024,59.195483,-114.909817,Lightning,2024-07-01 21:07:00,C2
2024,59.137133,-119.870417,Lightning,2024-07-04 11:00:00,C2
2024,58.434967,-118.373867,Lightning,2024-08-10 08:00:00,C2
2024,59.719717,-117.159967,Lightning,2024-07-01 21:49:00,M2
2024,55.813783,-110.9986,Lightning,2024-07-16 15:45:00,C2
2024,56.106683,-110.18775,Government,2024-07-01 18:00:00,C2
2024,59.820123,-117.855595,Lightning,2024-07-01 13:58:00,C1
2024,58.564917,-117.643383,Lightning,2024-08-15 22:00:00,C1
2024,56.906933,-112.8906,Lightning,2024-07-01 16:39:00,C2
2024,57.754833,-110.758467,Lightning,2024-07-02 18:03:00,C2
2024,57.421817,-116.704217,Lightning,2024-07-10 23:00:00,C2
2024,52.984672,-115.550099,Recreation,2024-11-16 12:00:00,M1
2024,53.56525,-116.5383,Undetermined,2024-09-27 13:15:00,O1b
2024,55.812867,-111.550083,Lightning,2024-07-18 13:00:00,C2
2024,54.798,-111.835663,Resident,2024-05-12 20:40:00,O1a
2024,56.06996,-110.376617,Lightning,2024-07-02 12:58:00,C2
2024,56.4018,-111.167367,Resident,2024-11-22 14:45:00,S2
2024,54.063607,-115.48642,Under Investigation,2024-09-10 14:30:00,O1b
2024,59.677,-117.143167,Lightning,2024-07-01 21:35:00,C2
2024,54.682685,-118.449335,Lightning,2024-07-22 18:20:00,C2
2024,58.161417,-119.381993,Lightning,2024-08-19 17:30:00,M2
2024,56.296883,-119.093917,Lightning,2024-09-07 16:00:00,O1b
2024,55.9354,-110.72025,Incendiary,2024-11-13 14:00:00,O1a
2024,55.916833,-113.900833,Incendiary,2024-05-13 17:30:00,O1b
2024,55.641583,-119.893167,Lightning,2024-07-23 04:21:00,M2
2024,57.765283,-113.1638,Lightning,2024-07-04 18:49:00,C2
2024,55.73,-110.945,Lightning,2024-07-17 14:10:00,C2
2024,56.540817,-111.659533,Government,2024-08-11 21:00:00,M2
2024,56.223253,-118.144262,Agriculture Industry,2024-09-02 12:00:00,O1b
2024,57.363,-110.788283,Lightning,2024-07-02 17:40:00,C2
2024,57.147283,-112.921917,Lightning,2024-07-04 18:49:00,C2
2024,54.802217,-111.556667,Lightning,2024-07-17 17:35:00,C2
2024,55.90373,-110.74952,Resident,2024-09-09 10:00:00,O1b
2024,55.503283,-110.246517,Lightning,2024-07-24 14:00:00,C1
2024,56.6109,-111.581667,Recreation,2024-08-11 13:00:00,C2
2024,55.140417,-111.20545,Lightning,2024-07-16 16:30:00,C2
2024,51.049837,-115.166801,Recreation,2024-07-28 16:00:00,O1b
2024,58.2023,-116.209583,Agriculture Industry,2024-08-08 13:55:00,O1b
2024,58.226833,-117.778083,Lightning,2024-07-23 12:11:00,C1
2024,50.830583,-114.615133,Recreation,2024-10-26 08:00:00,C2
2024,50.74775,-114.57196,Resident,2024-10-28 12:30:00,O1b
2024,49.389743,-114.221015,Recreation,2024-09-07 14:30:00,C1
2024,56.702667,-111.9295,Lightning,2024-07-16 15:06:00,C2
2024,55.668972,-112.148973,Resident,2024-09-20 20:44:00,O1b
2024,52.36895,-115.054883,Resident,2024-09-01 16:32:00,O1b
2024,59.168357,-117.665256,Lightning,2024-07-26 23:00:00,C2
2024,55.7372,-119.2299,Lightning,2024-07-22 20:00:00,M2
2024,55.057217,-117.510233,Incendiary,2024-09-07 22:30:00,O1a
2024,57.309283,-112.569617,Lightning,2024-07-10 16:10:00,C2
2024,59.171467,-114.93385,Lightning,2024-07-01 20:26:00,C2
2024,58.654255,-117.47014,Lightning,2024-07-04 16:30:00,C2
2024,54.948183,-112.96537,Recreation,2024-10-11 10:00:00,M1
2024,58.561667,-117.881783,Lightning,2024-07-03 19:00:00,D1
2024,55.625447,-116.341722,Resident,2023-11-30 10:00:00,D1
2024,56.7068,-111.048767,Lightning,2024-07-16 16:54:00,M2
2024,56.42165,-111.598383,Lightning,2024-08-13 17:25:00,C2
2024,59.137117,-119.870533,Lightning,2024-07-02 10:00:00,C2
2024,52.284383,-115.836917,Lightning,2024-10-25 12:00:00,C3
2024,55.577433,-112.12735,Lightning,2024-07-17 15:00:00,C2
2024,56.9375,-113.025333,Lightning,2024-07-11 02:30:00,C2
2024,57.188007,-112.763657,Government,2024-11-20 10:00:00,M2
2024,49.75825,-114.431117,Lightning,2024-08-01 16:00:00,C3
2024,51.9964,-114.86875,Lightning,2024-09-04 12:00:00,C3
2024,55.736828,-115.105843,Power Line Industry,2024-10-05 23:30:00,M2
2024,59.060983,-119.076817,Lightning,2024-07-20 00:42:00,M2
2024,53.9776,-115.363533,Under Investigation,2024-09-01 16:15:00,O1b
2024,55.246042,-117.290312,Agriculture Industry,2024-09-27 18:52:00,O1a
2024,55.799967,-111.116233,Lightning,2024-07-16 15:40:00,C2
2024,58.216,-116.096086,Agriculture Industry,2024-08-22 17:10:00,O1a
2024,58.839855,-114.677611,Lightning,2024-06-30 19:23:00,C2
2024,51.897117,-115.377317,Lightning,2024-08-04 13:21:00,C2
2024,54.453545,-117.430627,Lightning,2024-09-02 16:56:00,S2
2024,55.8048,-119.271617,Lightning,2024-08-05 18:44:00,M2
2024,52.754533,-116.329833,Lightning,2024-07-26 14:00:00,S2
2024,58.019717,-116.783333,Power Line Industry,2024-07-10 19:50:00,M2
2024,58.674833,-115.026333,Lightning,2024-07-11 13:00:00,C2
2024,55.547467,-110.903533,Power Line Industry,2024-09-11 08:00:00,S1
2024,54.443462,-117.481078,Lightning,2024-07-19 18:14:00,C2
2024,59.0959,-119.496067,Lightning,2024-08-09 00:00:00,M2
2024,57.895667,-115.1405,Lightning,2024-07-13 23:00:00,M2
2024,54.972717,-115.02005,Lightning,2024-08-13 14:23:00,C3
2024,51.47235,-114.73275,Lightning,2024-08-04 15:30:00,C2
2024,55.494283,-119.722867,Lightning,2024-07-19 20:00:00,M2
2024,56.0625,-110.4875,Lightning,2024-07-01 20:00:00,C2
2024,58.402967,-116.0319,Power Line Industry,2024-08-23 23:00:00,O1b
2024,58.551,-117.919833,Lightning,2024-07-03 11:00:00,C1
2024,59.699167,-117.148033,Lightning,2024-07-08 11:00:00,C2
2024,58.673167,-114.154,Lightning,2024-07-08 23:00:00,M1
2024,52.117173,-115.195637,Power Line Industry,2024-08-02 16:38:00,C2
2024,54.576092,-117.507783,Lightning,2024-07-19 18:00:00,S1
2024,52.477,-116.521333,Lightning,2024-07-22 12:00:00,C2
2024,55.642917,-119.66935,Lightning,2024-07-19 16:37:00,M2
2024,55.669217,-119.50355,Lightning,2024-07-23 04:53:00,C2
2024,55.698867,-119.376883,Lightning,2024-08-11 17:35:00,S2
2024,51.9495,-114.805217,Recreation,2024-10-28 13:00:00,M1
2024,58.985617,-119.41895,Lightning,2024-07-04 00:00:00,C2
2024,55.167219,-114.038608,Undetermined,2024-08-28 15:10:00,O1b
2024,59.154683,-119.823717,Lightning,2024-07-02 09:32:00,C1
2024,54.94435,-110.94405,Lightning,2024-07-16 17:20:00,C2
2024,55.12455,-117.05,Under Investigation,2024-08-03 17:40:00,O1b
2024,51.26435,-114.92245,Power Line Industry,2024-09-25 13:30:00,M1
2024,58.965904,-119.84872,Lightning,2024-07-03 11:00:00,M2
2024,57.308,-115.7485,Lightning,2024-07-10 21:54:00,C2
2024,56.1177,-111.155833,Lightning,2024-09-02 16:00:00,S2
2024,55.145867,-111.149367,Lightning,2024-07-16 15:57:00,M2
2024,50.005417,-114.08715,Recreation,2024-10-06 08:00:00,O1b
2024,49.836417,-113.961567,Recreation,2024-10-06 10:00:00,S1
2024,56.47276,-118.708695,Agriculture Industry,2024-11-20 12:00:00,M2
2024,57.4243,-115.076967,Lightning,2024-07-10 23:00:00,C2
2024,52.52075,-116.2399,Lightning,2024-07-22 17:00:00,C3
2024,58.34195,-119.1813,Lightning,2024-07-10 11:16:00,C2
2024,59.118917,-117.603667,Lightning,2024-07-10 15:00:00,C1
2024,57.453367,-115.7208,Recreation,2024-10-01 12:00:00,C2
2024,49.392667,-114.4385,Lightning,2024-09-05 18:00:00,C2
2024,55.1217,-110.530167,Lightning,2024-07-16 15:50:00,C3
2024,55.959383,-110.764517,Lightning,2024-07-10 19:39:00,C2
2024,55.0635,-110.866417,Lightning,2024-07-16 17:40:00,O1b
2024,59.56795,-119.283083,Lightning,2024-07-01 17:50:00,C1
2024,55.7647,-119.633917,Lightning,2024-07-22 06:20:00,C2
2024,55.805917,-119.2708,Lightning,2024-07-19 20:36:00,M2
2024,55.442867,-119.686633,Lightning,2024-07-22 01:00:00,O1b
2024,55.777123,-119.528515,Lightning,2024-07-19 23:50:00,C2
2024,57.313383,-115.035733,Lightning,2024-07-10 11:08:00,C1
2024,57.306767,-114.654633,Lightning,2024-07-10 10:43:00,C1
2024,55.573467,-114.172283,Lightning,2024-07-13 15:42:00,C2
2024,55.804333,-119.271167,Lightning,2024-07-21 21:21:00,M2
2024,55.724083,-119.269417,Lightning,2024-08-04 15:02:00,M2
2024,54.216383,-118.201533,Lightning,2024-08-12 16:07:00,S1
2024,52.371117,-114.966767,Oil & Gas Industry,2024-08-29 14:29:00,O1b
2024,55.955427,-115.72999,Lightning,2024-07-10 07:37:00,C2
2024,54.598167,-119.2355,Lightning,2024-07-21 01:00:00,C2
2024,50.612117,-115.128333,Recreation,2024-08-13 20:00:00,C2
2024,56.019633,-113.366133,Power Line Industry,2024-08-20 15:30:00,O1b
2024,50.721617,-114.804367,Recreation,2024-08-04 14:00:00,O1b
2024,58.366,-116.242667,Agriculture Industry,2024-08-29 14:10:00,O1b
2024,55.756667,-110.8181,Lightning,2024-07-05 20:00:00,C2
2024,55.712133,-110.720533,Lightning,2024-07-16 16:20:00,C2
2024,55.900217,-119.592133,Lightning,2024-07-19 17:15:00,M2
2024,58.693167,-116.7605,Lightning,2024-07-30 00:00:00,M2
2024,58.292583,-117.650005,Lightning,2024-07-31 19:30:00,O1b
2024,55.7238,-119.497367,Lightning,2024-07-21 02:00:00,M2
2024,56.791333,-111.1969,Lightning,2024-08-12 20:18:00,S1
2024,59.157017,-114.964333,Lightning,2024-07-01 20:33:00,C2
2024,54.857033,-115.002133,Lightning,2024-08-13 15:43:00,C2
2024,51.85145,-114.8688,Resident,2024-08-01 16:00:00,O1b
2024,56.18225,-111.016117,Lightning,2024-07-29 14:00:00,M2
2024,55.5282,-119.775617,Lightning,2024-07-21 21:50:00,C2
2024,56.92445,-113.6143,Lightning,2024-08-13 16:25:00,C2
2024,57.62748,-117.029218,Lightning,2024-07-18 13:00:00,C2
2024,59.65645,-119.619233,Lightning,2024-07-03 11:00:00,C2
2024,59.051433,-115.095723,Lightning,2024-07-01 20:59:00,C2
2024,55.72655,-112.806117,Lightning,2024-07-13 15:00:00,C2
2024,55.59905,-116.714567,Power Line Industry,2024-10-08 15:10:00,O1b
2024,56.315583,-119.057033,Oil & Gas Industry,2024-09-26 04:00:00,O1b
2024,49.396783,-114.314117,Recreation,2024-09-29 18:00:00,C2
2024,53.600383,-116.179383,Resident,2024-07-28 00:30:00,O1a
2024,55.6835,-114.481508,Resident,2024-09-14 16:30:00,O1b
2024,55.3727,-112.004133,Lightning,2024-07-31 13:00:00,C2
2024,55.275367,-111.070883,Lightning,2024-07-16 15:57:00,C2
2024,56.902917,-119.921283,Lightning,2024-08-12 20:00:00,C2
2024,54.126655,-115.724418,Undetermined,2024-08-09 16:00:00,C2
2024,58.509018,-116.640038,Agriculture Industry,2024-10-10 14:30:00,S2
2024,56.398693,-110.189203,Lightning,2024-07-12 03:45:00,C2
2024,56.38755,-111.029067,Power Line Industry,2024-09-05 16:40:00,O1b
2024,54.734902,-115.03595,Lightning,2024-07-10 13:12:00,M2
2024,58.858,-114.494367,Lightning,2024-06-28 18:32:00,S1
2024,58.669333,-119.159033,Lightning,2024-07-03 11:00:00,C1
2024,58.505333,-115.131833,Resident,2024-10-06 10:00:00,M2
2024,54.079033,-115.553183,Under Investigation,2024-10-06 18:10:00,O1b
